"Counting","1-digit level INDP Industry of Employment","1-digit level HEAP Level of Highest Educational Attainment","Count",
"Person Records","Agriculture, Forestry and Fishing","Postgraduate Degree Level",2.425707
"Person Records","Agriculture, Forestry and Fishing","Graduate Diploma and Graduate Certificate Level",1.0775014
"Person Records","Agriculture, Forestry and Fishing","Bachelor Degree Level",11.7547223
"Person Records","Agriculture, Forestry and Fishing","Advanced Diploma and Diploma Level",8.9931155
"Person Records","Agriculture, Forestry and Fishing","Certificate III & IV Level",20.5387862
"Person Records","Agriculture, Forestry and Fishing","Secondary Education - Years 10 and above",40.5939191
"Person Records","Agriculture, Forestry and Fishing","Certificate I & II Level",0.0899985
"Person Records","Agriculture, Forestry and Fishing","Secondary Education - Years 9 and below",8.0134076
"Person Records","Agriculture, Forestry and Fishing","Supplementary Codes",3.6651348
"Person Records","Agriculture, Forestry and Fishing","Not stated",2.849125
"Person Records","Agriculture, Forestry and Fishing","Not applicable",0
"Person Records","Agriculture, Forestry and Fishing","Total",100
"Person Records","Mining","Postgraduate Degree Level",6.0216336
"Person Records","Mining","Graduate Diploma and Graduate Certificate Level",1.669313
"Person Records","Mining","Bachelor Degree Level",15.7218091
"Person Records","Mining","Advanced Diploma and Diploma Level",8.0960519
"Person Records","Mining","Certificate III & IV Level",38.1278549
"Person Records","Mining","Secondary Education - Years 10 and above",24.7374964
"Person Records","Mining","Certificate I & II Level",0.033526
"Person Records","Mining","Secondary Education - Years 9 and below",2.2015375
"Person Records","Mining","Supplementary Codes",1.8690718
"Person Records","Mining","Not stated",1.5184463
"Person Records","Mining","Not applicable",0
"Person Records","Mining","Total",100
"Person Records","Manufacturing","Postgraduate Degree Level",5.2031524
"Person Records","Manufacturing","Graduate Diploma and Graduate Certificate Level",1.1366069
"Person Records","Manufacturing","Bachelor Degree Level",15.4047728
"Person Records","Manufacturing","Advanced Diploma and Diploma Level",9.4816575
"Person Records","Manufacturing","Certificate III & IV Level",27.1740545
"Person Records","Manufacturing","Secondary Education - Years 10 and above",32.8717792
"Person Records","Manufacturing","Certificate I & II Level",0.0801669
"Person Records","Manufacturing","Secondary Education - Years 9 and below",4.1092172
"Person Records","Manufacturing","Supplementary Codes",3.027454
"Person Records","Manufacturing","Not stated",1.5108589
"Person Records","Manufacturing","Not applicable",0
"Person Records","Manufacturing","Total",100
"Person Records","Electricity, Gas, Water and Waste Services","Postgraduate Degree Level",9.0959157
"Person Records","Electricity, Gas, Water and Waste Services","Graduate Diploma and Graduate Certificate Level",2.3182603
"Person Records","Electricity, Gas, Water and Waste Services","Bachelor Degree Level",20.2838473
"Person Records","Electricity, Gas, Water and Waste Services","Advanced Diploma and Diploma Level",11.2616099
"Person Records","Electricity, Gas, Water and Waste Services","Certificate III & IV Level",28.4271553
"Person Records","Electricity, Gas, Water and Waste Services","Secondary Education - Years 10 and above",22.7234163
"Person Records","Electricity, Gas, Water and Waste Services","Certificate I & II Level",0.05284
"Person Records","Electricity, Gas, Water and Waste Services","Secondary Education - Years 9 and below",2.5839486
"Person Records","Electricity, Gas, Water and Waste Services","Supplementary Codes",2.0257799
"Person Records","Electricity, Gas, Water and Waste Services","Not stated",1.2197845
"Person Records","Electricity, Gas, Water and Waste Services","Not applicable",0
"Person Records","Electricity, Gas, Water and Waste Services","Total",100
"Person Records","Construction","Postgraduate Degree Level",2.5382969
"Person Records","Construction","Graduate Diploma and Graduate Certificate Level",0.6400067
"Person Records","Construction","Bachelor Degree Level",9.8487793
"Person Records","Construction","Advanced Diploma and Diploma Level",7.8796791
"Person Records","Construction","Certificate III & IV Level",44.2133855
"Person Records","Construction","Secondary Education - Years 10 and above",28.1221754
"Person Records","Construction","Certificate I & II Level",0.0478624
"Person Records","Construction","Secondary Education - Years 9 and below",3.1309096
"Person Records","Construction","Supplementary Codes",2.2048527
"Person Records","Construction","Not stated",1.3738649
"Person Records","Construction","Not applicable",0
"Person Records","Construction","Total",100
"Person Records","Wholesale Trade","Postgraduate Degree Level",7.0710536
"Person Records","Wholesale Trade","Graduate Diploma and Graduate Certificate Level",1.4608979
"Person Records","Wholesale Trade","Bachelor Degree Level",19.399544
"Person Records","Wholesale Trade","Advanced Diploma and Diploma Level",10.5174387
"Person Records","Wholesale Trade","Certificate III & IV Level",20.400304
"Person Records","Wholesale Trade","Secondary Education - Years 10 and above",34.0604689
"Person Records","Wholesale Trade","Certificate I & II Level",0.0484187
"Person Records","Wholesale Trade","Secondary Education - Years 9 and below",2.7037513
"Person Records","Wholesale Trade","Supplementary Codes",2.9647634
"Person Records","Wholesale Trade","Not stated",1.3736801
"Person Records","Wholesale Trade","Not applicable",0
"Person Records","Wholesale Trade","Total",100
"Person Records","Retail Trade","Postgraduate Degree Level",4.1796371
"Person Records","Retail Trade","Graduate Diploma and Graduate Certificate Level",0.9139546
"Person Records","Retail Trade","Bachelor Degree Level",14.5418814
"Person Records","Retail Trade","Advanced Diploma and Diploma Level",8.9254713
"Person Records","Retail Trade","Certificate III & IV Level",15.2539475
"Person Records","Retail Trade","Secondary Education - Years 10 and above",48.2246091
"Person Records","Retail Trade","Certificate I & II Level",0.0657502
"Person Records","Retail Trade","Secondary Education - Years 9 and below",3.8322434
"Person Records","Retail Trade","Supplementary Codes",2.5488875
"Person Records","Retail Trade","Not stated",1.5133451
"Person Records","Retail Trade","Not applicable",0
"Person Records","Retail Trade","Total",100
"Person Records","Accommodation and Food Services","Postgraduate Degree Level",3.3261158
"Person Records","Accommodation and Food Services","Graduate Diploma and Graduate Certificate Level",0.6221475
"Person Records","Accommodation and Food Services","Bachelor Degree Level",12.4111788
"Person Records","Accommodation and Food Services","Advanced Diploma and Diploma Level",10.2346833
"Person Records","Accommodation and Food Services","Certificate III & IV Level",14.6735448
"Person Records","Accommodation and Food Services","Secondary Education - Years 10 and above",47.4737061
"Person Records","Accommodation and Food Services","Certificate I & II Level",0.0858706
"Person Records","Accommodation and Food Services","Secondary Education - Years 9 and below",7.3324342
"Person Records","Accommodation and Food Services","Supplementary Codes",2.2761462
"Person Records","Accommodation and Food Services","Not stated",1.5635347
"Person Records","Accommodation and Food Services","Not applicable",0
"Person Records","Accommodation and Food Services","Total",100
"Person Records","Transport, Postal and Warehousing","Postgraduate Degree Level",5.3557701
"Person Records","Transport, Postal and Warehousing","Graduate Diploma and Graduate Certificate Level",1.1933436
"Person Records","Transport, Postal and Warehousing","Bachelor Degree Level",14.0884099
"Person Records","Transport, Postal and Warehousing","Advanced Diploma and Diploma Level",11.4396263
"Person Records","Transport, Postal and Warehousing","Certificate III & IV Level",20.8701525
"Person Records","Transport, Postal and Warehousing","Secondary Education - Years 10 and above",37.5249833
"Person Records","Transport, Postal and Warehousing","Certificate I & II Level",0.0719301
"Person Records","Transport, Postal and Warehousing","Secondary Education - Years 9 and below",4.3547891
"Person Records","Transport, Postal and Warehousing","Supplementary Codes",3.2342907
"Person Records","Transport, Postal and Warehousing","Not stated",1.8667042
"Person Records","Transport, Postal and Warehousing","Not applicable",0
"Person Records","Transport, Postal and Warehousing","Total",100
"Person Records","Information Media and Telecommunications","Postgraduate Degree Level",12.474831
"Person Records","Information Media and Telecommunications","Graduate Diploma and Graduate Certificate Level",3.3876264
"Person Records","Information Media and Telecommunications","Bachelor Degree Level",35.8298576
"Person Records","Information Media and Telecommunications","Advanced Diploma and Diploma Level",11.8683782
"Person Records","Information Media and Telecommunications","Certificate III & IV Level",10.7567477
"Person Records","Information Media and Telecommunications","Secondary Education - Years 10 and above",21.3816578
"Person Records","Information Media and Telecommunications","Certificate I & II Level",0.0143823
"Person Records","Information Media and Telecommunications","Secondary Education - Years 9 and below",0.7688528
"Person Records","Information Media and Telecommunications","Supplementary Codes",2.3922527
"Person Records","Information Media and Telecommunications","Not stated",1.1164246
"Person Records","Information Media and Telecommunications","Not applicable",0
"Person Records","Information Media and Telecommunications","Total",100
"Person Records","Financial and Insurance Services","Postgraduate Degree Level",14.772837
"Person Records","Financial and Insurance Services","Graduate Diploma and Graduate Certificate Level",4.0130661
"Person Records","Financial and Insurance Services","Bachelor Degree Level",36.6954154
"Person Records","Financial and Insurance Services","Advanced Diploma and Diploma Level",13.423541
"Person Records","Financial and Insurance Services","Certificate III & IV Level",8.1483462
"Person Records","Financial and Insurance Services","Secondary Education - Years 10 and above",18.8903691
"Person Records","Financial and Insurance Services","Certificate I & II Level",0.0116822
"Person Records","Financial and Insurance Services","Secondary Education - Years 9 and below",0.2974472
"Person Records","Financial and Insurance Services","Supplementary Codes",2.5932275
"Person Records","Financial and Insurance Services","Not stated",1.1567641
"Person Records","Financial and Insurance Services","Not applicable",0
"Person Records","Financial and Insurance Services","Total",100
"Person Records","Rental, Hiring and Real Estate Services","Postgraduate Degree Level",7.0834288
"Person Records","Rental, Hiring and Real Estate Services","Graduate Diploma and Graduate Certificate Level",1.9875174
"Person Records","Rental, Hiring and Real Estate Services","Bachelor Degree Level",22.579562
"Person Records","Rental, Hiring and Real Estate Services","Advanced Diploma and Diploma Level",15.0079149
"Person Records","Rental, Hiring and Real Estate Services","Certificate III & IV Level",19.6379936
"Person Records","Rental, Hiring and Real Estate Services","Secondary Education - Years 10 and above",24.9108575
"Person Records","Rental, Hiring and Real Estate Services","Certificate I & II Level",0.0346443
"Person Records","Rental, Hiring and Real Estate Services","Secondary Education - Years 9 and below",1.3324734
"Person Records","Rental, Hiring and Real Estate Services","Supplementary Codes",5.5084452
"Person Records","Rental, Hiring and Real Estate Services","Not stated",1.9160968
"Person Records","Rental, Hiring and Real Estate Services","Not applicable",0
"Person Records","Rental, Hiring and Real Estate Services","Total",100
"Person Records","Professional, Scientific and Technical Services","Postgraduate Degree Level",18.0961894
"Person Records","Professional, Scientific and Technical Services","Graduate Diploma and Graduate Certificate Level",4.4549008
"Person Records","Professional, Scientific and Technical Services","Bachelor Degree Level",43.3061685
"Person Records","Professional, Scientific and Technical Services","Advanced Diploma and Diploma Level",10.2949548
"Person Records","Professional, Scientific and Technical Services","Certificate III & IV Level",7.6454829
"Person Records","Professional, Scientific and Technical Services","Secondary Education - Years 10 and above",12.7382038
"Person Records","Professional, Scientific and Technical Services","Certificate I & II Level",0.015025
"Person Records","Professional, Scientific and Technical Services","Secondary Education - Years 9 and below",0.3540389
"Person Records","Professional, Scientific and Technical Services","Supplementary Codes",2.1613723
"Person Records","Professional, Scientific and Technical Services","Not stated",0.9342986
"Person Records","Professional, Scientific and Technical Services","Not applicable",0
"Person Records","Professional, Scientific and Technical Services","Total",100
"Person Records","Administrative and Support Services","Postgraduate Degree Level",5.4879619
"Person Records","Administrative and Support Services","Graduate Diploma and Graduate Certificate Level",1.6751967
"Person Records","Administrative and Support Services","Bachelor Degree Level",17.9959427
"Person Records","Administrative and Support Services","Advanced Diploma and Diploma Level",12.0342814
"Person Records","Administrative and Support Services","Certificate III & IV Level",18.8691972
"Person Records","Administrative and Support Services","Secondary Education - Years 10 and above",34.0965729
"Person Records","Administrative and Support Services","Certificate I & II Level",0.1158504
"Person Records","Administrative and Support Services","Secondary Education - Years 9 and below",4.1268485
"Person Records","Administrative and Support Services","Supplementary Codes",3.7002616
"Person Records","Administrative and Support Services","Not stated",1.8958273
"Person Records","Administrative and Support Services","Not applicable",0
"Person Records","Administrative and Support Services","Total",100
"Person Records","Public Administration and Safety","Postgraduate Degree Level",11.6739499
"Person Records","Public Administration and Safety","Graduate Diploma and Graduate Certificate Level",5.2937715
"Person Records","Public Administration and Safety","Bachelor Degree Level",26.5423804
"Person Records","Public Administration and Safety","Advanced Diploma and Diploma Level",15.7013968
"Person Records","Public Administration and Safety","Certificate III & IV Level",16.8470235
"Person Records","Public Administration and Safety","Secondary Education - Years 10 and above",19.3924703
"Person Records","Public Administration and Safety","Certificate I & II Level",0.0430347
"Person Records","Public Administration and Safety","Secondary Education - Years 9 and below",0.961945
"Person Records","Public Administration and Safety","Supplementary Codes",2.3369229
"Person Records","Public Administration and Safety","Not stated",1.2069794
"Person Records","Public Administration and Safety","Not applicable",0
"Person Records","Public Administration and Safety","Total",100
"Person Records","Education and Training","Postgraduate Degree Level",19.3095391
"Person Records","Education and Training","Graduate Diploma and Graduate Certificate Level",9.0273433
"Person Records","Education and Training","Bachelor Degree Level",36.2819885
"Person Records","Education and Training","Advanced Diploma and Diploma Level",9.8794897
"Person Records","Education and Training","Certificate III & IV Level",10.2886971
"Person Records","Education and Training","Secondary Education - Years 10 and above",11.9527569
"Person Records","Education and Training","Certificate I & II Level",0.0266649
"Person Records","Education and Training","Secondary Education - Years 9 and below",0.6220556
"Person Records","Education and Training","Supplementary Codes",1.7218181
"Person Records","Education and Training","Not stated",0.8899295
"Person Records","Education and Training","Not applicable",0
"Person Records","Education and Training","Total",100
"Person Records","Health Care and Social Assistance","Postgraduate Degree Level",12.2949084
"Person Records","Health Care and Social Assistance","Graduate Diploma and Graduate Certificate Level",5.359199
"Person Records","Health Care and Social Assistance","Bachelor Degree Level",32.2924879
"Person Records","Health Care and Social Assistance","Advanced Diploma and Diploma Level",14.3186942
"Person Records","Health Care and Social Assistance","Certificate III & IV Level",15.6781033
"Person Records","Health Care and Social Assistance","Secondary Education - Years 10 and above",14.7060855
"Person Records","Health Care and Social Assistance","Certificate I & II Level",0.0474963
"Person Records","Health Care and Social Assistance","Secondary Education - Years 9 and below",0.9936537
"Person Records","Health Care and Social Assistance","Supplementary Codes",2.6805129
"Person Records","Health Care and Social Assistance","Not stated",1.6288019
"Person Records","Health Care and Social Assistance","Not applicable",0
"Person Records","Health Care and Social Assistance","Total",100
"Person Records","Arts and Recreation Services","Postgraduate Degree Level",6.8803421
"Person Records","Arts and Recreation Services","Graduate Diploma and Graduate Certificate Level",2.6257567
"Person Records","Arts and Recreation Services","Bachelor Degree Level",24.4202272
"Person Records","Arts and Recreation Services","Advanced Diploma and Diploma Level",11.6246372
"Person Records","Arts and Recreation Services","Certificate III & IV Level",15.5263982
"Person Records","Arts and Recreation Services","Secondary Education - Years 10 and above",31.9589981
"Person Records","Arts and Recreation Services","Certificate I & II Level",0.0551786
"Person Records","Arts and Recreation Services","Secondary Education - Years 9 and below",3.0777965
"Person Records","Arts and Recreation Services","Supplementary Codes",2.5620891
"Person Records","Arts and Recreation Services","Not stated",1.270168
"Person Records","Arts and Recreation Services","Not applicable",0
"Person Records","Arts and Recreation Services","Total",100
"Person Records","Other Services","Postgraduate Degree Level",4.527866
"Person Records","Other Services","Graduate Diploma and Graduate Certificate Level",1.5950985
"Person Records","Other Services","Bachelor Degree Level",12.5302267
"Person Records","Other Services","Advanced Diploma and Diploma Level",12.1184773
"Person Records","Other Services","Certificate III & IV Level",39.3513511
"Person Records","Other Services","Secondary Education - Years 10 and above",23.4704071
"Person Records","Other Services","Certificate I & II Level",0.0652185
"Person Records","Other Services","Secondary Education - Years 9 and below",2.329496
"Person Records","Other Services","Supplementary Codes",2.6840644
"Person Records","Other Services","Not stated",1.3227422
"Person Records","Other Services","Not applicable",0
"Person Records","Other Services","Total",100
"Person Records","Inadequately described","Postgraduate Degree Level",7.2174061
"Person Records","Inadequately described","Graduate Diploma and Graduate Certificate Level",1.354818
"Person Records","Inadequately described","Bachelor Degree Level",18.3573508
"Person Records","Inadequately described","Advanced Diploma and Diploma Level",9.8129692
"Person Records","Inadequately described","Certificate III & IV Level",19.2696634
"Person Records","Inadequately described","Secondary Education - Years 10 and above",33.1132971
"Person Records","Inadequately described","Certificate I & II Level",0.0608208
"Person Records","Inadequately described","Secondary Education - Years 9 and below",3.8203596
"Person Records","Inadequately described","Supplementary Codes",3.5132819
"Person Records","Inadequately described","Not stated",3.4765191
"Person Records","Inadequately described","Not applicable",0
"Person Records","Inadequately described","Total",100
"Person Records","Not stated","Postgraduate Degree Level",5.1389844
"Person Records","Not stated","Graduate Diploma and Graduate Certificate Level",0.7770899
"Person Records","Not stated","Bachelor Degree Level",11.562715
"Person Records","Not stated","Advanced Diploma and Diploma Level",5.967668
"Person Records","Not stated","Certificate III & IV Level",15.4252338
"Person Records","Not stated","Secondary Education - Years 10 and above",32.8537033
"Person Records","Not stated","Certificate I & II Level",0.0541415
"Person Records","Not stated","Secondary Education - Years 9 and below",5.2746567
"Person Records","Not stated","Supplementary Codes",3.1293791
"Person Records","Not stated","Not stated",19.8157915
"Person Records","Not stated","Not applicable",0
"Person Records","Not stated","Total",100
"Person Records","Not applicable","Postgraduate Degree Level",1.994836
"Person Records","Not applicable","Graduate Diploma and Graduate Certificate Level",0.8927736
"Person Records","Not applicable","Bachelor Degree Level",6.0681069
"Person Records","Not applicable","Advanced Diploma and Diploma Level",4.5638649
"Person Records","Not applicable","Certificate III & IV Level",7.3618861
"Person Records","Not applicable","Secondary Education - Years 10 and above",21.7394855
"Person Records","Not applicable","Certificate I & II Level",0.0783572
"Person Records","Not applicable","Secondary Education - Years 9 and below",8.7522451
"Person Records","Not applicable","Supplementary Codes",2.7524754
"Person Records","Not applicable","Not stated",11.1151108
"Person Records","Not applicable","Not applicable",34.680866
"Person Records","Not applicable","Total",100
"Person Records","Total","Postgraduate Degree Level",5.3472813
"Person Records","Total","Graduate Diploma and Graduate Certificate Level",1.9507774
"Person Records","Total","Bachelor Degree Level",14.1969323
"Person Records","Total","Advanced Diploma and Diploma Level",7.6574528
"Person Records","Total","Certificate III & IV Level",13.1381302
"Person Records","Total","Secondary Education - Years 10 and above",24.1878428
"Person Records","Total","Certificate I & II Level",0.0660431
"Person Records","Total","Secondary Education - Years 9 and below",5.86263
"Person Records","Total","Supplementary Codes",2.6830417
"Person Records","Total","Not stated",6.6663538
"Person Records","Total","Not applicable",18.2434908
"Person Records","Total","Total",100
